Date,Open,High,Low,Close,Volume (BTC),Volume (Currency),Weighted Price
2014-03-06,669.0,675.71,666.0,666.1,2601.7746447,1746751.277722,671.36916768723
2014-03-05,673.27,679.97,651.9,669.99,12719.614182,8460673.8596945,665.16749161051
2014-03-04,677.69,702.24,633.64,673.0,28031.31700336,19083495.91244,680.79198384266
2014-03-03,565.38,710.0,562.02,677.69,64914.82037014,41032096.494227,632.09135079268
2014-03-02,567.46,570.99,553.0,566.24,6437.39852141,3620383.3385026,562.39851027734
2014-03-01,551.8,576.0,535.0,567.48,14303.9416427,7964319.5684673,556.79195059719
2014-02-28,584.7,591.39,541.0,551.89,22634.32498739,12774750.399362,564.3972332499
2014-02-27,585.24,599.99,571.22,583.0,17048.07050459,10002403.106325,586.71760558664
2014-02-26,534.34,610.0,530.0,585.24,49110.90216434,28306168.06577,576.3723902088
2014-02-25,535.49,545.8,400.0,535.0,115761.98662156,55642025.450891,480.65886803406
2014-02-24,609.9,629.0,514.02,535.49,51840.81217712,29300894.697945,565.20902098977
2014-02-23,610.77,646.0,599.78,610.09,20868.15490482,12931776.228098,619.68948798202
2014-02-22,581.35,619.88,562.15,610.88,18076.09102116,10727909.873205,593.48616139664
2014-02-21,561.86,589.0,530.01,581.35,29612.93711462,16665769.568404,562.78678146303
2014-02-20,623.01,631.0,560.9,561.86,34966.69850131,20678092.117277,591.365299086
2014-02-19,627.7,636.0,617.0,623.01,11128.47837448,6976436.5210425,626.89940945035
2014-02-18,633.66,650.0,609.99,627.7,14833.93993495,9305110.2045435,627.28514779946
2014-02-17,621.0,664.99,610.0,633.66,19902.4393218,12681178.750379,637.16706004418
2014-02-16,655.83,670.0,590.01,621.0,26397.57091925,16510289.030178,625.44728379298
2014-02-15,670.34,673.17,628.88,655.83,20762.64009438,13502488.227018,650.3261707394
2014-02-14,609.4,712.9,538.01,669.0,68378.14539627,42633219.988108,623.4919028739
2014-02-13,650.04,660.0,601.54,604.11,28145.8136164,17781615.816073,631.76769584349
2014-02-12,677.0,685.19,631.58,651.99,15511.78725823,10224606.46481,659.15076674257
2014-02-11,688.34,720.0,631.0,675.1,40062.43735234,26975988.830119,673.3486680521
2014-02-10,688.0,713.0,530.0,687.81,71860.53695222,45893362.69539,638.64486186492
2014-02-09,680.49,755.42,666.21,687.37,15061.93270719,10550327.790395,700.46308103332
2014-02-08,705.01,723.0,662.01,680.49,13501.11536102,9358103.9659569,693.13561996332
2014-02-07,764.0,766.45,619.0,705.01,66362.25784175,46625607.889109,702.59224754369
2014-02-06,780.01,803.0,752.0,763.99,20652.60674868,16004090.74395,774.91867921096
2014-02-05,802.0,810.0,775.0,782.33,8479.50233561,6751169.9281905,796.17525427626
2014-02-04,806.99,812.98,796.83,802.99,7592.00316474,6098292.8425208,803.25214705434
2014-02-03,814.94,815.0,800.5,808.5,4931.83355028,3987645.2483552,808.5522773024
2014-02-02,813.23,825.21,810.23,814.99,4075.68246141,3334786.584054,818.21550516481
2014-02-01,803.0,827.38,802.59,813.23,8296.06416747,6763704.5420657,815.29076987943
2014-01-31,799.99,809.98,791.0,803.0,7728.16005641,6196005.7202455,801.74396945963
2014-01-30,794.21,812.44,770.7,799.99,13125.54815594,10431886.605393,794.77721474605
2014-01-29,785.51,804.95,781.99,794.21,7044.52156243,5597907.3647769,794.64692032909
2014-01-28,750.95,812.93,740.01,788.0,20042.81613687,15664564.857783,781.55508441585
2014-01-27,814.67,823.0,725.0,751.95,25194.23662664,19561840.575187,776.44109107488
2014-01-26,806.81,834.0,795.01,814.75,9704.13726187,7950475.9494872,819.28725191538
2014-01-25,780.0,817.0,773.4,806.8,8705.5640134,6936521.8911896,796.7917851747
2014-01-24,810.95,811.74,767.02,780.0,15775.20253781,12410344.073244,786.69950788265
2014-01-23,819.2,823.28,801.1,812.0,7395.00949206,6000294.6635657,811.39783120064
2014-01-22,824.88,824.99,801.0,819.2,8309.09407494,6765579.6152591,814.23793668
2014-01-21,826.02,834.5,814.0,824.89,7669.59937021,6301148.480263,821.5746580894
2014-01-20,841.5,845.0,815.0,826.02,6968.15670477,5790539.513981,831.0001854604
2014-01-19,810.0,842.07,791.01,842.07,8418.00804502,6914603.1913027,821.40610395274
2014-01-18,796.97,817.12,796.0,810.0,5486.84152085,4434018.8081039,808.11862184366
2014-01-17,814.4,821.0,765.0,797.2,17114.93953749,13611629.498168,795.30689946945
2014-01-16,841.14,849.0,810.01,814.4,8215.45166349,6803847.5038216,828.17692593316
2014-01-15,815.99,850.26,805.18,841.14,12267.77449637,10276214.320699,837.65921225077
2014-01-14,823.99,837.0,800.0,815.99,9729.54391417,7987929.4898461,820.99732118096
2014-01-13,844.04,844.05,783.11,823.0,19366.39159317,15778072.031643,814.71408629409
2014-01-12,895.0,905.0,826.46,844.05,12189.17547898,10461247.186489,858.24075668854
2014-01-11,851.63,909.96,849.51,896.59,16130.91651296,14243532.40376,882.99585409895
2014-01-10,825.5,861.4,799.41,852.61,12846.16052006,10655064.156549,829.4357010338
2014-01-09,823.94,848.0,779.78,824.76,25302.2442016,20628555.646371,815.28561190106
2014-01-08,785.0,849.79,765.0,823.45,26315.75852948,21306391.41698,809.64382588901
2014-01-07,915.8,943.0,785.0,785.0,34063.52120798,29225267.963782,857.96379608975
2014-01-06,905.0,995.0,876.0,919.24,25886.90639128,24246321.68467,936.62492219761
2014-01-05,828.79,948.0,826.07,905.0,24075.9495964,21230765.762108,881.82464733532
2014-01-04,808.24,830.0,790.2,828.79,10990.14294762,8946715.8141001,814.06728345036
2014-01-03,784.19,818.99,767.62,809.4,14860.26282816,11866892.73876,798.56546791841
2014-01-02,751.88,798.7,742.5,784.19,15134.16900738,11633164.736766,768.66887974443
2014-01-01,732.0,757.99,729.01,754.9,7907.63786208,5894781.5665101,745.45416334475
2013-12-31,736.51,739.0,709.0,732.0,7919.32033024,5763630.7343781,727.79361031396
2013-12-30,728.01,740.0,722.81,736.51,6600.2391558,4845439.2532678,734.13086085069
2013-12-29,715.0,732.0,703.45,728.0,8121.30581786,5826581.6869832,717.44394530368
2013-12-28,723.98,736.01,682.22,715.0,13385.19085317,9603991.1264816,717.50871779367
2013-12-27,747.83,762.1,702.26,721.08,16261.66282726,11826312.731691,727.25113399019
2013-12-26,679.01,764.32,677.57,747.0,28028.63835784,20282421.918573,723.63208157414
2013-12-25,653.57,681.24,636.99,679.01,6653.00965075,4396958.6965511,660.89768801936
2013-12-24,654.76,668.8,628.11,652.99,12795.80403043,8297360.8367148,648.44388183678
2013-12-23,612.66,665.0,607.77,654.76,13100.16416543,8341248.2295125,636.72852677101
2013-12-22,595.07,690.0,575.61,612.66,17673.2339864,11228765.438337,635.35431302372
2013-12-21,610.0,648.88,550.0,595.03,19218.17096328,11533044.783832,600.11146772857
2013-12-20,685.1,719.97,570.0,610.0,40959.74061978,26720103.702343,652.35041282072
2013-12-19,520.0,700.0,492.91,685.0,56734.10927258,35307986.596196,622.34142826776
2013-12-18,675.0,680.7,382.21,520.0,137070.17833806,72340781.12388,527.76455098397
2013-12-17,690.5,750.0,612.51,673.62,43034.02835938,29259655.776533,679.91905224823
2013-12-16,861.98,864.0,651.34,691.0,58806.70410398,42965517.314081,730.62277454134
2013-12-15,850.78,869.98,803.51,862.0,11638.00040701,9757006.6456466,838.3748328252
2013-12-14,888.47,895.0,841.01,850.78,7426.55203462,6389855.358951,860.40673103262
2013-12-13,871.22,920.42,850.0,885.98,14766.95107866,13039090.386113,882.99137151986
2013-12-12,879.04,898.9,832.01,871.22,13973.52413434,12057068.092965,862.85091556361
2013-12-11,979.07,988.0,804.0,879.04,31708.38203134,28233929.449124,890.4247911867
2013-12-10,899.91,989.6,895.01,979.23,22694.67993333,21368342.557886,941.5573438647
2013-12-09,787.0,899.99,766.66,899.9,28510.03873043,24732146.892459,867.4890667918
2013-12-08,693.3,797.0,651.0,787.0,27465.08270962,20123346.79992,732.68837427792
2013-12-07,809.72,844.0,542.38,693.3,79852.423783,56441847.092817,706.82697429697
2013-12-06,1020.51,1033.13,796.73,814.91,52688.66174422,47122565.45168,894.35874610821
2013-12-05,1135.0,1138.58,848.42,1023.87,55262.65698958,53884378.322857,975.05949330336
2013-12-04,1055.0,1153.27,1052.1,1132.01,14433.50978208,16043748.470997,1111.5625175878
2013-12-03,1037.11,1088.0,1000.0,1055.0,12567.59167863,13203131.097933,1050.5697062376
2013-12-02,955.0,1057.0,925.16,1047.47,31516.72530827,31532295.810076,1000.4940393284
2013-12-01,1119.52,1123.11,795.6,955.0,61544.38082098,58200765.257361,945.67147286208
2013-11-30,1131.99,1163.0,1080.0,1119.52,12907.55909135,14615036.915544,1132.2851061235
2013-11-29,1012.0,1141.0,988.22,1131.99,21873.31334686,23302931.99146,1065.3590346341
2013-11-28,963.98,1050.18,931.0,1012.98,36898.59364552,36845640.478637,998.56490013166
2013-11-27,915.01,969.0,879.99,963.98,30325.52974397,28417752.638868,937.09006499775
2013-11-26,811.95,919.0,801.0,916.3,29793.02508816,25303731.277,849.31728826208
2013-11-25,800.01,838.2,770.1,817.88,23042.05232527,18613262.582782,807.79534392294
2013-11-24,829.15,842.78,747.0,800.05,20130.68748874,16005407.911555,795.07507731702
2013-11-23,794.0,874.81,785.0,829.15,20338.86461312,16939266.441168,832.85211654543
2013-11-22,720.0,799.8,683.2,795.0,25125.12846391,18684196.020463,743.64579059968
2013-11-21,600.0,730.0,580.37,720.0,30720.73129411,20465236.216644,666.17021648075
2013-11-20,536.01,619.0,440.0,599.0,57711.50722124,31281411.683041,542.03075243074
2013-11-19,669.0,755.0,378.0,536.01,71560.94596711,42781180.45733,597.82860440376
2013-11-18,478.1,669.55,471.23,669.01,57089.07895381,31381658.846633,549.69635912367
2013-11-17,434.53,480.0,434.53,477.38,25991.59517426,12023172.922385,462.579262326
2013-11-16,412.07,447.47,406.92,434.53,17983.46003914,7793030.6080819,433.34433924955
2013-11-15,416.88,431.36,390.0,412.0,32323.20623812,13499273.232174,417.63410265453
2013-11-14,393.5,421.97,381.0,416.95,31638.4774428,12964568.341146,409.77219477723
2013-11-13,354.94,399.89,354.94,393.5,38689.80193194,14659881.486622,378.90815549821
2013-11-12,343.63,357.0,340.01,354.96,19748.2815018,6921644.4298531,350.49350644623
2013-11-11,323.0,349.9,310.1,343.91,26943.37824394,9015515.2311527,334.60968218343
2013-11-10,341.24,341.24,265.01,323.0,67237.40748143,20149735.557565,299.68043552437
2013-11-09,333.9,363.65,298.95,341.24,44361.21177945,15025763.081699,338.71399087118
2013-11-08,291.0,334.45,288.81,334.0,40186.15864335,12776887.101147,317.9424839916
2013-11-07,263.24,297.8,263.24,291.0,49703.85180124,14082029.352912,283.31867335402
2013-11-06,242.9,265.0,241.11,263.24,40026.70686769,10223187.029801,255.4091462881
2013-11-05,227.29,250.79,226.0,242.9,42583.7008287,10150722.394285,238.37107148385
2013-11-04,210.0,230.4,207.22,226.83,28261.78814843,6231108.0081896,220.4781939297
2013-11-03,204.86,210.0,203.51,210.0,11227.96295973,2318517.9743708,206.49497889211
2013-11-02,202.14,205.15,201.2,204.86,6600.0982594,1347852.0079148,204.21696086042
2013-11-01,203.54,203.54,200.23,202.15,4962.80900171,1005501.8936921,202.60741312948
2013-10-31,197.58,203.75,195.1,203.54,13741.49074655,2753814.5177046,200.40143886106
2013-10-30,204.0,206.0,195.0,197.54,25494.14807001,5125567.0067526,201.04876588451
2013-10-29,196.62,205.0,195.32,204.69,16744.50649074,3351774.6532921,200.17159987042
2013-10-28,194.99,197.5,190.8,196.62,12248.66455971,2386611.4217512,194.84666349682
2013-10-27,180.39,195.0,179.5,194.0,10095.56583408,1905642.7627008,188.76037203064
2013-10-26,187.5,190.0,177.0,179.56,9644.32071899,1756970.5276801,182.17670055503
2013-10-25,194.0,194.0,167.67,186.6,32779.54290704,5880692.2769691,179.40128981195
2013-10-24,203.94,206.6,156.2,193.87,55593.92700629,10335518.318128,185.91092363305
2013-10-23,189.74,203.96,185.0,203.96,24326.01475489,4773924.0418004,196.24768339174
2013-10-22,180.15,196.27,179.0,189.75,41865.06715467,7918494.2490367,189.14323533226
2013-10-21,166.6,181.93,166.05,180.13,33107.72111019,5817807.4536461,175.72358527134
2013-10-20,166.0,166.6,162.54,166.59,5667.34588161,936151.90426043,165.18347808948
2013-10-19,152.89,172.0,152.44,166.0,37966.98264041,6198648.2715755,163.26417957107
2013-10-18,143.94,154.69,143.23,152.89,23007.23097591,3412142.6003914,148.30739970247
2013-10-17,137.54,145.0,135.0,143.94,16767.05247967,2377733.4434161,141.80986469143
2013-10-16,142.75,147.0,137.38,137.56,26332.89631674,3755375.3877188,142.61155865834
2013-10-15,135.43,147.39,134.09,142.76,22232.07911256,3088042.7270814,138.90031208718
2013-10-14,132.83,138.22,132.0,135.42,21256.28057191,2875362.9260576,135.27121625678
2013-10-13,127.58,133.0,127.57,132.82,12574.14780981,1635271.2966761,130.05026832915
2013-10-12,127.38,128.0,126.01,127.98,7571.27286324,964578.81689555,127.39982223845
2013-10-11,126.8,127.42,125.93,127.38,7866.70490823,996941.18581458,126.72919569814
2013-10-10,125.79,126.8,124.9,126.8,11382.14626947,1432857.8720735,125.88643988145
2013-10-09,124.5,127.99,122.3,125.9,18933.76126312,2371894.5923167,125.27329141605
2013-10-08,123.5,125.17,122.17,124.13,13183.37384894,1633356.5051513,123.89518220957
2013-10-07,122.49,124.49,120.11,123.5,11885.13460018,1461029.4201303,122.92914378169
2013-10-06,121.25,122.49,121.13,122.49,3926.3413189,478718.00198855,121.92470371442
2013-10-05,121.94,122.29,121.11,121.2,2942.63601131,357487.43245939,121.48544063397
2013-10-04,117.62,122.98,116.48,121.94,13194.57595434,1592026.8588155,120.65767511777
2013-10-03,103.85,118.79,102.0,117.63,26112.7638711,2880250.9926609,110.30050311329
2013-10-02,127.31,127.8,85.0,103.85,60639.38898698,6648985.9944852,109.64797148456
2013-10-01,126.25,127.93,125.54,127.33,7513.8349608,955656.53359307,127.18625556441
2013-09-30,127.0,127.53,122.77,126.25,11530.52471883,1452542.554163,125.97367332216
2013-09-29,126.5,128.8,126.08,127.01,6745.39450444,859516.02421966,127.42264720824
2013-09-28,126.95,127.0,124.01,126.54,6320.25836432,797901.75836857,126.24511726815
2013-09-27,124.85,126.96,124.35,126.95,12117.32341602,1525024.164118,125.85487006989
2013-09-26,123.32,124.9,123.0,124.84,7784.84320927,966665.00119661,124.17270010596
2013-09-25,123.75,125.0,123.23,123.25,8053.18440092,1001020.1755026,124.30116158624
2013-09-24,122.81,124.01,121.77,123.86,10183.16714023,1251562.3131004,122.90501529293
2013-09-23,123.27,123.99,121.54,122.63,7736.9339578,952118.14936878,123.0614290573
2013-09-22,123.38,123.5,122.35,123.27,2882.09130233,354432.28422933,122.97746568361
2013-09-21,122.92,124.1,121.7,123.39,4154.19202354,511630.16920815,123.15997101457
2013-09-20,124.17,126.02,121.16,122.91,10505.08009305,1300731.8923981,123.81932178305
2013-09-19,127.0,127.95,123.02,124.18,10236.24813846,1284383.5408303,125.47405293983
2013-09-18,126.92,128.0,124.2,127.0,13495.71105357,1717516.5105696,127.26387692742
2013-09-17,126.28,127.69,125.47,126.92,8852.61357182,1122508.3983837,126.79966083202
2013-09-16,125.36,126.71,124.03,126.27,7602.34785199,956623.38175292,125.83262439149
2013-09-15,124.49,126.25,123.0,125.36,5360.8824298,668057.12407936,124.617007149
2013-09-14,127.71,128.0,123.05,124.49,8711.86383564,1091621.4498221,125.30285945888
2013-09-13,126.38,128.79,125.05,127.71,9309.9491962,1188163.7356183,127.62300959744
2013-09-12,127.54,128.5,123.1,126.38,13856.21063312,1758477.1381161,126.9089496888
2013-09-11,122.08,127.72,118.0,127.55,18550.2138604,2279418.6633635,122.87829566372
2013-09-10,121.68,124.26,120.8,122.07,11319.88974811,1390108.0933117,122.80226435454
2013-09-09,118.37,124.13,115.0,121.68,21345.72633658,2549732.4591301,119.4493182816
2013-09-08,119.91,120.94,116.0,118.34,5458.68589096,646449.31520001,118.42581311934
2013-09-07,116.56,122.16,115.5,119.93,9676.9974976,1149614.7287171,118.79870063026
2013-09-06,122.0,124.54,115.21,117.67,19391.20825469,2335197.8572613,120.42559837376
2013-09-05,121.65,127.5,116.07,122.5,19236.83229587,2346207.0505597,121.96431379523
2013-09-04,129.2,129.94,115.21,122.81,18821.05012844,2340303.3251842,124.34499186886
2013-09-03,129.4,131.0,127.0,129.18,11994.57661966,1552522.5221288,129.43537494972
2013-09-02,130.65,132.0,128.52,130.15,8939.39980324,1167225.4400553,130.57089578119
2013-09-01,127.9,132.09,126.79,130.66,8021.56323583,1043482.2894097,130.0846554134
2013-08-31,124.86,134.95,124.8,128.0,19981.34364226,2581915.0442246,129.21628747548
2013-08-30,118.91,126.14,118.04,124.86,17374.35799114,2133543.0041255,122.79837938262
2013-08-29,117.91,120.0,117.0,118.5,9789.33885357,1161548.0387189,118.65439087292
2013-08-28,117.74,119.63,117.04,117.91,10195.73119445,1208109.8047164,118.49172773151
2013-08-27,111.85,118.93,111.76,117.75,18924.73961221,2210936.6200901,116.82784891073
2013-08-26,113.12,113.3,110.27,111.9,10842.80342417,1215561.2636461,112.10765482813
2013-08-25,109.15,113.28,109.15,113.12,9343.16273408,1042214.4187604,111.54835342413
2013-08-24,107.91,110.33,106.64,109.15,4332.68697991,470201.79307374,108.52429341284
2013-08-23,109.12,109.9,104.2,107.65,9469.67629666,1020971.5010125,107.81482587452
2013-08-22,111.52,113.02,107.98,109.12,12231.93171666,1361634.1652687,111.31799921791
2013-08-21,104.87,114.0,104.56,110.43,23925.71807899,2587111.5103812,108.13098699232
2013-08-20,102.85,104.88,100.38,104.87,11512.55473348,1193373.7138107,103.65846169141
2013-08-19,99.32,105.16,99.0,102.85,20223.50852434,2065412.2671283,102.12927517708
2013-08-18,99.71,99.99,98.41,99.3,2757.60749158,273310.67883906,99.111523185797
2013-08-17,98.26,99.82,97.48,99.71,5533.56584068,546813.60088705,98.817582844528
2013-08-16,98.09,99.0,96.5,98.25,9306.11308233,911378.00971086,97.933261894415
2013-08-15,99.19,100.01,96.68,98.08,9533.32415037,940033.72341411,98.605031003549
2013-08-14,97.75,101.0,97.03,99.19,17997.71861974,1783880.8255155,99.117052733502
2013-08-13,95.37,98.19,94.24,98.15,12840.28503739,1239041.4711084,96.496414799232
2013-08-12,94.0,96.18,93.31,95.35,7203.7336517,679474.99307446,94.322614622781
2013-08-11,93.51,94.58,93.12,94.09,1863.55256347,174827.36163583,93.814022240564
2013-08-10,92.72,94.25,92.14,93.51,3115.45505946,290393.26597328,93.210545628482
2013-08-09,94.26,95.75,90.0,92.27,12311.24302657,1143557.3009585,92.88723311614
2013-08-08,97.09,97.14,91.11,94.27,14017.03265768,1325286.0897907,94.548262970951
2013-08-07,97.7,98.32,95.5,97.09,7127.85555164,693217.2299707,97.254668665557
2013-08-06,97.88,98.98,97.07,97.69,9248.61209517,908586.61820166,98.240320693757
2013-08-05,96.38,98.92,96.0,97.81,11003.41353294,1073769.0985718,97.585089877554
2013-08-04,95.54,96.61,95.5,96.38,3019.67129901,290561.4796525,96.222883513103
2013-08-03,95.82,97.0,93.98,95.55,4499.94672997,430566.2918434,95.682530856597
2013-08-02,96.63,98.71,93.03,95.85,15553.07296963,1501708.3459306,96.553803152787
2013-08-01,97.77,98.44,95.15,96.62,7832.16050467,760732.06641016,97.129274349851
2013-07-31,96.98,101.0,95.0,98.28,17025.38437411,1678360.4383809,98.579885276077
2013-07-30,93.45,97.0,92.7,96.57,11695.36756812,1104665.0318937,94.453211962728
2013-07-29,92.72,93.5,90.54,93.39,10250.84060044,950239.35073619,92.698675920822
2013-07-28,88.16,94.01,87.9,92.71,7294.35296151,666995.74816647,91.440015541611
2013-07-27,89.97,90.16,87.8,88.16,3489.15396964,309697.13716691,88.759951513078
2013-07-26,90.1,91.77,88.56,89.95,6500.58440396,587206.3836732,90.331322106285
2013-07-25,88.42,90.66,87.08,90.16,10416.8800968,930982.63479936,89.372501761381
2013-07-24,86.88,88.48,85.73,88.42,9276.4211009,811057.7225277,87.432180331811
2013-07-23,85.59,88.88,82.0,86.98,13038.50130799,1117223.6759179,85.686510245872
2013-07-22,85.73,87.08,83.0,85.6,8294.01816821,714113.83294017,86.099863595342
2013-07-21,85.02,86.99,84.25,85.93,2907.86221135,248381.12389824,85.417088515664
2013-07-20,86.51,87.07,84.27,85.04,4451.4748679,383279.82256794,86.10176041469
2013-07-19,85.0,88.0,83.21,86.51,8689.960752,738754.762093,85.012439431672
2013-07-18,90.96,91.0,77.0,85.28,21446.66606845,1768889.1704727,82.478515067423
2013-07-17,91.61,92.37,89.0,90.97,7404.86645917,673002.46560871,90.886509475843
2013-07-16,93.76,93.9,89.09,91.55,9285.47354955,855968.47182522,92.183609942726
2013-07-15,90.02,95.0,88.11,93.78,13030.66102004,1214281.3664198,93.186474926513
2013-07-14,91.67,93.0,88.87,90.03,5202.94162176,477764.62548917,91.825867023192
2013-07-13,90.19,92.04,87.15,91.67,6004.55580528,538042.60540392,89.605729857786
2013-07-12,87.81,100.0,86.6,90.17,32060.82985282,2989656.8607071,93.249515824499
2013-07-11,86.13,89.96,83.85,87.13,17311.05698299,1492886.498156,86.238899197372
2013-07-10,75.0,86.64,74.81,86.19,27275.18412986,2179299.9187066,79.900465871494
2013-07-09,74.0,76.01,70.25,75.01,15908.99990621,1169344.1948183,73.50205554793
2013-07-08,73.97,76.94,70.1,74.4,18669.57799992,1384339.3348294,74.149471125449
2013-07-07,66.34,73.96,64.5,73.96,6858.52231849,469984.47153519,68.525616701451
2013-07-06,67.13,72.88,63.0,66.34,17245.95828177,1159112.1834232,67.210656809278
2013-07-05,79.4,79.4,63.26,66.93,32935.36592906,2322214.8281325,70.508244333291
2013-07-04,77.33,83.9,70.06,79.4,21957.43214384,1691620.9572234,77.040928380963
2013-07-03,88.04,89.56,75.11,77.01,20740.88552523,1710179.1693971,82.45449150745
2013-07-02,83.41,88.5,81.9,88.0,12666.39148742,1091461.1810004,86.169859986123
2013-07-01,89.41,90.16,80.94,84.5,20854.46869197,1784030.1636663,85.546661006678
2013-06-30,88.83,90.3,88.01,89.53,2390.67441288,213259.26574327,89.204646435465
2013-06-29,89.2,91.61,86.2,88.98,4373.62440255,391126.87288129,89.428546414101
2013-06-28,96.98,97.45,88.01,89.96,18557.52900345,1703663.1893534,91.804420137869
2013-06-27,98.75,98.76,96.0,96.31,4937.41675442,482170.11853092,97.656354023444
2013-06-26,97.57,99.98,96.13,98.77,4940.40777894,485879.38057458,98.348031643419
2013-06-25,98.83,101.0,97.47,97.87,5294.05179614,526380.46582056,99.428658065709
2013-06-24,100.4,102.3,95.0,99.47,9702.68839049,955431.21946986,98.47077232804
2013-06-23,100.0,101.45,98.5,100.41,1977.39270619,197763.91487468,100.01246300525
2013-06-22,101.29,103.0,98.55,100.0,3350.32557131,337220.75346463,100.65312946072
2013-06-21,103.0,104.86,90.0,101.8,12331.66300099,1230642.1762224,99.795313586143
2013-06-20,105.24,108.0,102.47,102.61,9088.52547567,962034.20190431,105.85151623106
2013-06-19,104.49,107.5,102.0,105.24,5483.53573255,577287.67432496,105.27654099128
2013-06-18,100.39,108.18,99.99,104.5,10874.74329689,1140452.0890219,104.87163309391
2013-06-17,98.74,101.47,98.29,100.0,4785.76602027,478802.76333391,100.04725707566
2013-06-16,99.43,101.11,98.0,99.37,3089.73462791,307992.69372824,99.68257174778
2013-06-15,99.01,105.0,96.22,99.42,4243.40771805,424828.53808249,100.1149468328
2013-06-14,101.86,102.95,95.0,99.01,10698.4120069,1065910.0026423,99.632543778915
2013-06-13,106.1,108.43,95.0,102.0,8047.28050101,832544.8658098,103.45667281081
2013-06-12,107.35,111.18,105.01,106.56,7612.62055255,823736.4889117,108.20669219298
2013-06-11,104.21,108.0,102.97,107.36,5234.35334037,556199.67277416,106.25948166022
2013-06-10,100.17,107.9,93.1,104.22,13536.55840755,1380204.7327484,101.96127340451
2013-06-09,109.11,110.0,90.0,100.17,30734.49888577,2998512.8425485,97.56179379052
2013-06-08,110.17,112.46,108.44,109.11,5055.00711397,554176.46112136,109.62921488079
2013-06-07,118.78,119.16,107.0,110.18,18261.47609584,2063005.1219613,112.97033772813
2013-06-06,120.98,121.33,118.43,118.78,4936.97817062,592802.38390699,120.07393255955
2013-06-05,120.58,122.74,119.65,121.2,4733.02694896,571825.81199197,120.8160904551
2013-06-04,123.22,123.66,116.32,120.57,7975.85871798,962931.13887535,120.73071664429
2013-06-03,123.35,125.01,117.0,123.22,8850.29223011,1064544.6194745,120.28355581895
2013-06-02,128.77,128.8,117.02,123.0,15138.12901202,1845021.6629576,121.87910814425
2013-06-01,127.76,128.86,127.09,128.77,3406.48517336,436509.99628446,128.14087661327
2013-05-31,126.78,129.87,125.06,127.91,5633.94849614,720534.77782959,127.89161603505
2013-05-30,130.01,131.0,124.9,126.81,9432.35613171,1215580.3473724,128.87345753261
2013-05-29,125.99,130.4,125.53,130.35,9946.83923725,1276086.5719848,128.29066013312
2013-05-28,126.2,127.11,123.0,125.92,6072.75780468,762645.76997767,125.5847498792
2013-05-27,130.27,130.6,120.33,126.25,7413.81180566,944067.49103967,127.33901477226
2013-05-26,128.98,130.29,127.97,129.5,3916.06467515,507344.03650429,129.55456014905
2013-05-25,128.65,129.73,126.03,128.97,5146.70519875,659629.10956169,128.16531821599
2013-05-24,123.84,129.94,122.52,128.7,13193.58203434,1667171.4264479,126.36230419522
2013-05-23,118.45,123.9,118.36,123.84,10212.79546118,1235081.7751747,120.93474111661
2013-05-22,117.25,119.48,117.0,119.11,7275.60471178,861702.64593451,118.4372543686
2013-05-21,117.81,118.56,116.9,117.5,3656.2547232,430370.51969473,117.70802426973
2013-05-20,117.27,118.94,114.03,116.55,4541.30988594,533212.72961176,117.41386141972
2013-05-19,118.49,118.98,114.1,116.38,4800.36143192,562576.33641272,117.19457886481
2013-05-18,117.51,118.55,115.99,118.49,3906.23090184,458946.99783228,117.49100587374
2013-05-17,113.36,118.16,112.82,116.73,9721.36089521,1122824.599427,115.50076285926
2013-05-16,108.96,113.35,108.35,113.35,7515.76166257,834106.76422767,110.98100254851
2013-05-15,107.0,113.0,101.72,108.95,10914.51829481,1187889.935293,108.83576381541
2013-05-14,115.98,117.9,103.5,107.0,12120.00783896,1369310.4295792,112.97933530848
2013-05-13,115.05,117.48,113.55,115.99,3412.04123442,396130.05608521,116.09767551726
2013-05-12,115.58,117.86,113.0,114.5,3366.70303467,386962.63065092,114.93815363756
2013-05-11,117.9,118.5,112.95,115.04,4692.10496687,541315.2303298,115.36724650278
2013-05-10,111.96,119.98,109.2,117.9,10480.13511879,1210254.4222662,115.48080330532
2013-05-09,113.16,113.95,109.0,111.96,6725.70842693,747542.34995774,111.14700526781
2013-05-08,110.92,116.29,109.41,113.16,8261.64064249,933648.9412619,113.01011284128
2013-05-07,112.67,112.95,98.77,110.0,14941.55263514,1598932.9612275,107.01250400625
2013-05-06,116.9,123.97,105.0,112.71,17251.55561438,2019204.733968,117.04479173373
2013-05-05,112.89,118.76,106.5,116.57,9033.94177783,1027108.5855686,113.69439950225
2013-05-04,98.08,115.64,94.0,112.62,15910.12807666,1680499.9874665,105.62454176166
2013-05-03,107.02,108.0,81.5,98.08,26863.56444609,2454817.0721811,91.380913992535
2013-05-02,116.75,127.24,93.01,106.81,21725.133598,2337279.8355445,107.58414096748
2013-05-01,139.87,140.3,104.9,116.75,21104.90212995,2571869.9251726,121.86125807818
2013-04-30,143.32,144.99,133.89,139.88,8465.29718136,1177535.6130471,139.10150911653
2013-04-29,135.31,151.65,123.96,143.31,10485.46213504,1481409.0372653,141.2821884421
2013-04-28,128.8,148.18,121.57,135.28,5136.5255006,687058.9269256,133.75946967368
2013-04-27,137.3,148.61,125.76,128.8,6686.07508764,880153.62556316,131.63980571954
2013-04-26,141.9,142.53,126.68,137.3,10688.92108773,1434028.9526636,134.16030868726
2013-04-25,150.0,170.28,123.2,141.9,16566.09169458,2371208.93102,143.13629157297
2013-04-24,137.3,161.0,134.98,149.0,21232.85034477,3132037.0027138,147.50902266333
2013-04-23,123.73,138.87,121.12,137.29,13391.87055752,1754207.7158988,130.99049220676
2013-04-22,118.91,125.01,116.0,123.74,6675.54945823,806995.96415327,120.88832075963
2013-04-21,126.55,129.0,101.0,118.81,17188.09077106,2014050.1689825,117.17707311469
2013-04-20,118.11,129.79,114.27,126.55,7474.81424834,917496.7901153,122.74509568168
2013-04-19,109.3,140.2,100.0,117.71,25498.95204842,3014004.7301747,118.2011215383
2013-04-18,89.98,111.23,78.92,109.3,16527.45971668,1599320.9634831,96.767500323657
2013-04-17,67.85,101.12,60.0,89.98,30854.42411947,2607701.5164468,84.516291937572
2013-04-16,73.99,82.0,49.8,68.09,35706.58629386,2335121.2498835,65.397493635091
2013-04-15,91.79,99.8,60.0,74.0,19578.12871598,1685980.1107105,86.11548811273
2013-04-14,90.44,99.99,81.94,91.11,5777.57333124,549492.0631616,95.107760933198
2013-04-13,109.9,119.0,85.0,91.64,16830.84314245,1708591.813302,101.51552116796
2013-04-12,81.02,112.0,45.0,109.9,29095.90818647,2208419.00352,75.901360059521
2013-04-11,162.0,179.0,50.0,83.4,37205.88492273,3955205.7734095,106.30591858314
2013-04-10,228.94,259.34,70.0,162.0,20889.47079028,3647719.8756347,174.62002327661
2013-04-09,185.6,235.29,164.34,229.0,11211.78878477,2408925.3272537,214.85646701854
2013-04-08,164.97,198.0,162.0,185.6,13411.06323591,2441789.8428342,182.07280063343
2013-04-07,141.0,165.1,140.65,164.97,6737.21244685,1031866.5776895,153.15927556536
2013-04-06,141.8,150.03,138.5,141.0,3504.27395363,496447.03936164,141.66901501733
2013-04-05,134.67,200.0,127.09,141.8,7564.27772159,1059570.0146749,140.07550405648
2013-04-04,133.87,150.0,119.0,135.0,7265.27300112,962558.35083782,132.48756800872
2013-04-03,116.0,158.41,110.0,133.78,15003.94850365,1942177.6817284,129.44443799283
2013-04-02,103.73,116.0,100.1,116.0,6441.03900269,703416.04686872,109.20847499525
2013-04-01,95.5,106.5,93.7,104.7,6540.7052677,651512.7150632,99.608939464154
2013-03-31,92.12,96.15,92.12,96.15,2003.81769842,188706.6240015,94.173548896335
2013-03-30,90.49,95.0,89.31,92.11,1799.52075455,167125.87780671,92.872436944192
2013-03-29,88.96,94.0,84.0,90.0,6658.41693742,598347.5041945,89.863327847768
2013-03-28,89.4,97.0,80.0,88.52,9823.47335779,885159.0994557,90.10653026852
2013-03-27,79.81,89.99,78.75,89.3,6073.07958286,528292.73432878,86.989265844594
2013-03-26,74.3,100.0,74.3,79.81,6748.6811185,536804.55615502,79.542142639322
2013-03-25,70.22,80.0,69.25,75.11,8198.25231403,600261.14395978,73.218183701486
2013-03-24,64.37,71.0,63.36,70.22,3627.69480395,249504.60703197,68.777728148546
2013-03-23,68.81,72.0,50.09,63.9,13092.94728399,799580.95669301,61.069592609659
2013-03-22,70.87,74.47,65.0,69.9,5462.69655236,385986.76657614,70.658650517461
2013-03-21,65.13,76.91,64.61,72.23,9864.56711014,697134.3407956,70.670545702812
2013-03-20,59.46,67.99,58.86,64.2,8546.00680193,529201.13670438,61.923790721166
2013-03-19,49.87,60.0,48.0,59.41,9303.93790035,514314.61886534,55.27924029308
2013-03-18,47.24,51.1,46.98,50.35,5924.10302677,285215.39120666,48.144907324842
2013-03-17,46.7,47.24,46.7,47.24,1102.96029809,51827.611067356,46.989552712919
2013-03-16,46.93,47.0,46.58,46.74,909.75563433,42583.453595462,46.807573362075
2013-03-15,46.95,47.29,46.9,46.9,1063.76443798,50102.522660161,47.099264528246
2013-03-14,46.99,47.97,46.8,46.95,3527.68709124,167173.93202882,47.389104448619
2013-03-13,44.29,47.09,44.2,46.99,3290.23440492,152004.66361419,46.198733861299
2013-03-12,48.15,48.25,36.0,44.84,11195.69562451,484836.08928088,43.305579710425
2013-03-11,45.97,48.38,45.6,48.25,3400.7859461,160700.38849826,47.253896906551
2013-03-10,45.76,47.0,45.0,45.29,1252.09771351,57957.990572334,46.288712092493
2013-03-09,43.77,46.0,42.0,46.0,3829.2199598,169630.81739044,44.299052854435
2013-03-08,41.68,44.37,40.56,43.76,4388.75944645,187903.31204123,42.814675612541
2013-03-07,42.31,46.0,33.0,41.68,16259.06198022,656197.27460091,40.358864207493
2013-03-06,40.66,49.17,40.66,42.32,10298.43893055,477703.0295591,46.385965172062
2013-03-05,36.56,41.0,36.53,40.75,6476.19220972,255026.77457085,39.379123767834
2013-03-04,34.33,37.0,34.24,36.52,6165.24472089,218170.50806824,35.38716108527
2013-03-03,34.29,34.34,33.91,34.33,1136.62608259,38835.950307694,34.167745138489
2013-03-02,34.55,34.77,33.6,34.16,2128.57214025,72650.361732729,34.131031013211
2013-03-01,33.53,34.75,33.25,34.55,3666.42582921,125024.61770262,34.09986278914
2013-02-28,31.31,34.42,31.31,33.53,6726.87432506,222654.28864248,33.09921932286
2013-02-27,31.01,31.77,30.45,31.31,3168.54441515,98872.371815744,31.204350913624
2013-02-26,30.43,32.0,29.85,31.1,5071.90174369,156914.91144203,30.938081881663
2013-02-25,29.79,30.49,29.78,30.43,1564.84867774,47315.239867103,30.236303701542
2013-02-24,29.55,30.37,29.08,29.78,1590.77752019,47358.788312335,29.770843321119
2013-02-23,30.37,30.44,27.67,29.54,3865.84825949,112006.74969761,28.973395275579
2013-02-22,29.96,31.49,29.9,30.4,6182.20227366,188602.7128626,30.507366875744
2013-02-21,30.0,30.14,29.6,30.0,3576.1120243,106946.57593087,29.905823756124
2013-02-20,29.39,30.07,29.21,30.0,3832.39322315,113554.95136966,29.630297508023
2013-02-19,26.92,29.5,26.7,29.39,9541.05177226,269205.91894271,28.21553905885
2013-02-18,26.81,27.0,26.29,26.92,3103.54193597,82786.803512587,26.674942765583
2013-02-17,27.36,27.5,25.25,26.98,7942.00011199,208241.43971583,26.220276602798
2013-02-16,27.43,27.58,26.71,27.5,2782.38948658,75384.615488668,27.093480568505
2013-02-15,27.4,27.56,26.72,27.0,3145.14317345,85416.684736996,27.158281841682
2013-02-14,25.0,27.5,22.42,27.4,12042.50498387,304559.44422159,25.29037311004
2013-02-13,25.33,25.97,25.0,25.0,3983.63915336,101818.26116718,25.559107451111
2013-02-12,23.94,25.85,23.87,25.47,8534.23395403,212940.28219037,24.951305921232
2013-02-11,23.74,23.94,23.16,23.94,2978.34729807,70368.403002608,23.626661352827
2013-02-10,23.46,23.8,22.85,23.7,2194.81136293,51399.550148321,23.418664135083
2013-02-09,22.4,23.5,22.24,23.14,2134.0789741,48434.12582899,22.695563949041
2013-02-08,21.95,22.63,21.81,22.4,2801.66595389,62459.847975673,22.29382410453
2013-02-07,20.91,21.96,20.9,21.71,6307.57656257,134111.51711616,21.261972135541
2013-02-06,20.56,20.99,20.33,20.91,3424.26001089,71187.858298448,20.789267775243
2013-02-05,20.3,20.69,20.08,20.5,3193.30770398,65127.975418671,20.395145553151
2013-02-04,20.55,20.7,19.9,20.3,4506.95113427,92079.815005687,20.430622001985
2013-02-03,19.76,20.59,19.57,20.29,2479.42164405,50025.840507479,20.176415184375
2013-02-02,20.35,20.53,19.5,19.82,4786.977974,94152.173197892,19.668394905778
2013-02-01,20.3,20.9,20.04,20.35,3503.83130961,72116.848505846,20.582283258915
2013-01-31,19.45,21.0,19.27,20.46,5738.86115204,115283.71883441,20.088257196017
2013-01-30,19.46,19.47,18.85,19.45,2557.50773646,48878.947402257,19.111945080531
2013-01-29,18.6,19.85,18.53,19.35,4541.64000435,87069.572290672,19.171394519882
2013-01-28,17.6,18.74,17.48,18.67,5344.51893733,96361.463029508,18.029960069268
2013-01-27,17.49,17.6,17.08,17.6,2589.57418764,45217.368051691,17.461314013521
2013-01-26,17.3,17.49,16.67,17.49,2485.89670409,42385.89383645,17.0505450877
2013-01-25,17.15,17.72,16.12,17.49,5131.56268928,87773.798616665,17.104691870963
2013-01-24,17.5,19.2,16.0,17.29,14880.17041128,269214.38307519,18.092157255881
2013-01-23,17.5,17.6,16.86,17.5,4853.15538002,83871.774637145,17.281905908564
2013-01-22,16.53,17.6,16.45,17.35,3827.75700027,65908.212322259,17.218494360434
2013-01-21,15.62,16.98,15.45,16.52,5634.62820353,91833.146850075,16.297995809651
2013-01-20,15.48,15.69,15.38,15.5,1427.76747178,22158.056599136,15.519373453376
2013-01-19,15.52,15.65,15.32,15.38,1993.54022684,30700.795560535,15.400138480877
2013-01-18,15.34,15.7,15.17,15.57,6749.5256782,104430.4053458,15.472258396334
2013-01-17,14.53,15.47,14.45,15.36,5227.75642184,78132.716713357,14.945745441953
2013-01-16,14.15,14.65,14.01,14.53,5436.22875828,78305.356246951,14.404352673291
2013-01-15,14.1,14.32,13.88,14.2,4961.37905221,70161.088151888,14.141448862012
2013-01-14,13.65,14.1,13.5,14.1,4314.60459809,60172.096407679,13.946143856222
2013-01-13,13.94,14.03,13.54,13.64,1578.50971345,21695.647472247,13.744386421816
2013-01-12,14.02,14.07,13.84,13.89,2245.5631997,31296.026994246,13.93682751767
2013-01-11,14.0,14.1,13.85,14.0,2405.62603846,33619.019250124,13.975164349171
2013-01-10,13.67,14.19,13.5,14.0,3719.44737915,51323.118233708,13.79858699478
2013-01-09,13.51,13.65,13.18,13.58,4640.26739318,62258.099183147,13.416920601311
2013-01-08,13.2,13.5,13.05,13.5,6086.27515492,81166.308116258,13.335957716378
2013-01-07,13.1,13.2,13.04,13.2,3935.24845698,51741.808237524,13.148295159293
2013-01-06,13.11,13.15,13.06,13.15,453.5630895,5943.5196079034,13.104063680436
2013-01-05,13.19,13.19,13.03,13.15,1463.53584867,19221.273754359,13.133449222871
2013-01-04,13.12,13.24,12.84,13.19,2700.25350741,35364.473307093,13.096723403949
2013-01-03,13.09,13.26,12.96,13.19,3320.9720537,43609.267021538,13.13147666297
2013-01-02,13.12,13.19,12.98,13.09,1840.84872373,24114.049403656,13.099419356304
2013-01-01,13.24,13.24,12.77,13.22,2116.92940862,27536.431322535,13.007722983302
2012-12-31,13.2,13.29,13.05,13.24,1641.78561179,21619.470758238,13.168266674396
2012-12-30,13.13,13.29,13.1,13.2,1020.89023268,13510.924250776,13.234453439042
2012-12-29,13.18,13.28,13.11,13.22,274.78659657,3632.4189619374,13.219054376301
2012-12-28,13.19,13.29,13.01,13.18,4176.8818021,54906.897199909,13.145427570468
2012-12-27,13.18,13.25,12.91,13.2,3347.61148062,43802.856654141,13.084808947431
2012-12-26,13.09,13.19,13.01,13.18,2247.7983618,29347.153254132,13.055954552183
2012-12-25,13.23,13.25,13.09,13.24,1136.04126972,14941.446257455,13.152203758529
2012-12-24,13.11,13.24,13.01,13.23,1511.90177224,19799.934284956,13.096045423388
2012-12-23,13.2,13.29,13.04,13.14,518.01209598,6803.1094602183,13.133109271026
2012-12-22,13.28,13.37,13.11,13.2,870.39564745,11516.743413561,13.23161880152
2012-12-21,13.38,13.41,13.2,13.2,2559.57635586,33924.912381814,13.254112269065
2012-12-20,13.27,13.44,13.14,13.35,1866.13166051,24823.758869025,13.302254816384
2012-12-19,13.13,13.4,13.0,13.4,4893.71657021,64662.329332171,13.213337634998
2012-12-18,13.3,13.62,12.75,13.13,5416.93282338,70572.780485389,13.028180851863
2012-12-17,13.28,13.29,12.85,13.2,5313.36578294,69262.79543778,13.035578250639
2012-12-16,13.38,13.44,13.27,13.27,1217.80887677,16244.382165283,13.3390242715
2012-12-15,13.51,13.57,13.28,13.38,1531.92100659,20413.302946203,13.325297360888
2012-12-14,13.51,13.94,13.38,13.51,5949.65698329,81315.802519794,13.667309350468
2012-12-13,13.49,13.52,13.05,13.52,5259.54363934,70146.107654087,13.336919030277
2012-12-12,13.39,13.49,13.23,13.49,3925.65665283,52584.398297285,13.395057934926
2012-12-11,13.13,13.41,13.13,13.35,2641.35197436,35171.197644148,13.315604275977
2012-12-10,13.3,13.4,13.03,13.3,6444.03315201,85391.129413666,13.251193375228
2012-12-09,13.35,13.36,13.1,13.29,1187.24480088,15671.482665357,13.199874746759
2012-12-08,13.3,13.37,13.3,13.36,509.44467265,6792.0934836902,13.332347648979
2012-12-07,13.34,13.48,13.11,13.37,3494.46597785,46592.933488535,13.333348724489
2012-12-06,13.2,13.59,13.02,13.45,4479.8787206,59510.934133099,13.284050271149
2012-12-05,12.86,13.43,12.63,13.2,3202.16066697,42022.987892551,13.123322738304
2012-12-04,12.5,13.01,12.42,12.59,5524.27022114,70234.703099436,12.713842786087
2012-12-03,12.46,12.6,12.32,12.6,5124.74579588,63764.150210274,12.442402560052
2012-12-02,12.44,12.46,12.24,12.42,1741.38980028,21548.161377816,12.374117141579
2012-12-01,12.39,12.46,12.31,12.34,2513.84899834,31183.917211232,12.404848991258
2012-11-30,12.35,12.45,12.2,12.43,3472.32663909,42855.953167653,12.342143358634
2012-11-29,12.22,12.41,12.1,12.37,3553.57577684,43632.21766588,12.278397987246
2012-11-28,12.01,12.74,11.93,12.22,4332.17242762,52673.245540986,12.158621666387
2012-11-27,12.2,12.23,11.75,12.07,3692.25210948,44268.466956725,11.98955695443
2012-11-26,12.32,12.4,12.11,12.2,4569.27484855,55822.936933863,12.217023222312
2012-11-25,12.29,12.35,12.2,12.31,1110.26121167,13641.487061932,12.28673659725
2012-11-24,12.16,12.29,12.06,12.25,1378.94883856,16783.733328835,12.171396689642
2012-11-23,11.86,12.16,11.66,12.16,2085.93949655,25154.966175478,12.059298084668
2012-11-22,11.67,12.12,11.55,11.88,10030.59751843,118497.33292921,11.813586649398
2012-11-21,11.64,11.67,11.34,11.67,3449.3800311,39721.623939422,11.515583548721
2012-11-20,11.6,11.69,11.44,11.65,2524.49574606,29272.399167262,11.595345016108
2012-11-19,11.51,11.65,11.03,11.65,4206.61783947,47845.298867734,11.373816375429
2012-11-18,11.56,11.65,11.32,11.51,1033.46070105,11853.509193977,11.469724181998
2012-11-17,11.48,11.65,11.45,11.57,795.35041288,9174.525187757,11.53519887484
2012-11-16,11.05,11.6,10.96,11.46,7094.45117038,79249.740665793,11.170665462702
2012-11-15,10.98,11.05,10.81,11.05,2452.65680751,26917.722448143,10.974924158048
2012-11-14,10.87,10.98,10.74,10.97,1294.56300651,14128.304487086,10.913570383241
2012-11-13,10.92,10.99,10.76,10.87,2565.61377888,27984.978478012,10.907712886633
2012-11-12,10.78,10.92,10.72,10.87,1146.3177332,12439.306440297,10.851534509173
2012-11-11,10.82,10.85,10.64,10.82,650.67843328,6980.5758259821,10.728149987689
2012-11-10,10.8,10.87,10.63,10.81,1074.44382044,11581.043442508,10.778640280853
2012-11-09,10.69,10.84,10.61,10.8,2342.58038373,25223.157673942,10.767253857808
2012-11-08,10.65,10.83,10.25,10.81,2930.3994993,31006.341598334,10.580926459256
2012-11-07,10.68,10.84,10.45,10.8,4027.9994833,43035.795325934,10.684161084022
2012-11-06,10.78,10.8,10.51,10.74,3348.91281134,35648.69781263,10.644856949371
2012-11-05,10.63,10.8,10.5,10.78,5531.26120642,58624.906185917,10.59883162232
2012-11-04,10.67,10.68,10.4,10.64,2010.40623271,21126.72855232,10.508686358299
2012-11-03,10.54,10.69,10.41,10.66,1572.81466123,16586.098497281,10.54548822956
2012-11-02,10.85,10.96,10.45,10.67,2477.44954182,26465.310039136,10.68248196074
2012-11-01,11.0,11.05,10.63,10.85,1726.98832092,18852.234926534,10.916249228884
2012-10-31,10.79,11.0,10.66,11.0,3057.67949806,33152.619679016,10.842411606596
2012-10-30,10.8,10.81,10.43,10.8,2780.31469798,29649.72917779,10.664163016989
2012-10-29,10.67,10.8,10.32,10.8,2655.79081055,28198.082938549,10.61758434683
2012-10-28,10.35,10.75,10.3,10.54,972.31928641,10231.222604995,10.522492712009
2012-10-27,10.0,10.75,9.5,10.43,1989.47751313,19869.370460219,9.987230480911
2012-10-26,10.46,10.84,9.68,10.0,2384.64651222,24712.71000821,10.363259242647
2012-10-25,11.39,11.39,10.4,10.55,3077.54063611,33904.385956178,11.016714306991
2012-10-24,11.38,11.62,11.01,11.4,3180.17696523,36136.820562244,11.363147698175
2012-10-23,11.5,11.7,11.25,11.58,2717.11005347,31250.194192104,11.501261847011
2012-10-22,11.54,11.57,11.27,11.49,1913.11800635,21966.437001592,11.482008390848
2012-10-21,11.6,11.68,11.29,11.32,2048.2603274,23455.969452126,11.45165443003
2012-10-20,11.65,11.7,11.53,11.6,704.85501096,8193.0450651909,11.623731033751
2012-10-19,11.75,11.84,11.5,11.67,10149.00152833,118964.59828839,11.721803170126
2012-10-18,11.9,11.9,11.55,11.8,1277.75425699,15057.096359189,11.784031457394
2012-10-17,11.79,11.97,11.15,11.88,3020.89053734,35317.851130543,11.691205190653
2012-10-16,11.8,11.94,11.17,11.92,1004.49967705,11660.432114728,11.608198968239
2012-10-15,11.78,11.84,11.03,11.66,3425.95800654,39335.862221875,11.481711727577
2012-10-14,11.85,11.9,11.79,11.79,336.21764746,3981.4030159368,11.841743126855
2012-10-13,11.9,12.0,11.81,11.85,486.61590663,5796.1521436529,11.911144014575
2012-10-12,11.95,12.1,11.81,11.9,735.71660723,8827.9252932261,11.999083895175
2012-10-11,12.1,12.13,11.58,12.09,2349.86047287,27788.037279681,11.825398827081
2012-10-10,11.85,12.25,11.79,12.24,2369.71836117,28378.106848414,11.975307831266
2012-10-09,11.62,12.26,11.52,11.99,1933.93908899,23092.582410125,11.940697895602
2012-10-08,11.7,11.99,10.42,11.62,2885.95781205,31964.190094605,11.075764850457
2012-10-07,12.39,12.45,11.52,11.71,3262.84750727,39134.370588269,11.993931834409
2012-10-06,12.51,12.6,12.06,12.39,1640.41684963,20370.967759228,12.418165397303
2012-10-05,12.61,12.7,11.5,12.5,5459.56068828,67349.988816187,12.336155354178
2012-10-04,12.9,12.9,12.51,12.57,3211.88600053,40800.141828172,12.702861129392
2012-10-03,12.63,12.99,12.45,12.9,4948.45567245,63268.335024115,12.78547070278
2012-10-02,12.2,12.7,12.14,12.64,4634.41770999,57712.679641571,12.453059532628
2012-10-01,12.21,12.27,11.6,12.14,3151.92775768,37889.918712801,12.021188817059
2012-09-30,12.2,12.28,12.17,12.22,173.21424584,2111.5926932811,12.190641035562
2012-09-29,12.28,12.28,12.12,12.28,584.15406141,7132.4996831674,12.209963354447
2012-09-28,12.21,12.28,11.53,12.28,2842.62287799,34197.623979759,12.030306321864
2012-09-27,12.2,12.38,11.84,12.22,3306.14546315,40040.308503781,12.110873205691
2012-09-26,11.8,12.2,11.53,12.2,3038.10509727,36547.164719236,12.029591982212
2012-09-25,11.9,12.18,11.56,11.75,3057.44986023,36342.387235701,11.886503098032
2012-09-24,11.99,11.99,11.69,11.9,1523.1995401,18068.246885698,11.862035412978
2012-09-23,12.11,12.11,11.79,11.99,1084.46274346,12907.579430203,11.902280191776
2012-09-22,12.14,12.25,11.97,11.97,818.04702569,9870.6660275074,12.066135219038
2012-09-21,12.29,12.35,12.01,12.19,1990.3901719,24224.410470494,12.17068432737
2012-09-20,12.44,12.66,12.28,12.28,767.93391028,9544.777200416,12.429164896411
2012-09-19,11.9,12.5,11.9,12.32,1251.58348152,15406.225612063,12.309387140003
2012-09-18,11.85,12.28,11.67,11.91,3735.01772907,44344.022814645,11.872506646893
2012-09-17,11.75,11.88,11.58,11.85,689.94090289,8097.3393847838,11.736279659411
2012-09-16,11.63,11.8,11.53,11.75,1287.40625221,15018.682886887,11.66584585177
2012-09-15,11.6,11.65,11.35,11.63,594.79395476,6868.3343554911,11.547417892407
2012-09-14,11.26,11.7,11.05,11.5,2127.29435418,24113.838632705,11.335449927427
2012-09-13,11.17,11.42,10.98,11.3,2138.98077281,24097.667338066,11.265957901252
2012-09-12,11.04,11.14,10.75,11.14,2414.68753316,26603.779085881,11.017483098969
2012-09-11,10.95,11.04,10.38,11.04,4794.96358934,51749.353317845,10.792439265418
2012-09-10,10.85,11.08,10.74,10.95,2492.06090795,27171.814405556,10.903350844626
2012-09-09,10.97,11.04,10.84,10.98,1216.12471856,13256.256161709,10.900408452684
2012-09-08,10.98,11.11,10.3,10.97,1355.12940957,14748.686773903,10.883600244926
2012-09-07,11.03,11.1,10.83,11.03,1351.7701121,14879.130983076,11.007146000558
2012-09-06,10.9,11.15,10.68,11.02,3296.23211519,35837.386670155,10.872227870424
2012-09-05,10.38,10.99,10.12,10.99,1870.38903071,19601.415858523,10.479860358827
2012-09-04,10.36,10.5,10.14,10.36,2649.65990947,27351.468486265,10.322633628757
2012-09-03,10.17,10.55,9.95,10.55,1166.65101376,12047.293629224,10.326390229069
2012-09-02,10.07,10.18,9.49,10.18,1340.45182161,13291.456889135,9.915654315103
2012-09-01,10.2,10.2,9.85,9.91,665.20204584,6629.2702898676,9.965799611299
2012-08-31,10.65,10.8,9.69,10.16,2915.12925668,30015.312336144,10.296391581047
2012-08-30,10.81,10.91,10.51,10.65,1513.88396985,16231.944945798,10.722053518676
2012-08-29,11.0,11.05,10.49,10.78,4768.86011118,51406.946950205,10.779713757946
2012-08-28,10.9,11.21,10.63,11.0,2970.10121301,32516.008982488,10.947778089197
2012-08-27,10.31,11.93,10.31,10.78,4283.77447562,47639.938569192,11.121019288089
2012-08-26,10.57,10.62,10.2,10.31,1412.06354452,14794.878071043,10.477487453351
2012-08-25,10.45,10.58,10.14,10.57,581.27122837,6046.2967255679,10.401851030065
2012-08-24,10.03,10.51,9.83,10.37,4170.89273973,42191.819147922,10.115776592868
2012-08-23,9.96,10.19,9.78,10.02,2710.255412,27095.001279479,9.997213236624
2012-08-22,9.99,10.71,9.75,9.96,8193.33129544,84387.947573637,10.299589328287
2012-08-21,9.79,10.51,9.53,10.18,3384.91944343,34338.999746484,10.144702206469
2012-08-20,8.09,10.33,7.86,10.05,3382.49965273,30656.236088978,9.063189722499
2012-08-19,11.86,11.86,7.1,8.06,5427.25152631,48723.000522657,8.977472351606
2012-08-18,12.64,12.99,11.11,11.54,2511.36721759,29197.872214074,11.626285478909
2012-08-17,13.49,16.41,11.5,12.5,4868.27886465,69361.306855933,14.247603472263
2012-08-16,13.14,13.5,12.75,13.42,1529.32907411,20345.700710408,13.303677445777
2012-08-15,12.13,13.2,12.13,13.01,1592.26779358,19913.778482519,12.506551073137
2012-08-14,11.9,12.3,11.81,12.25,1925.97314893,23207.391394887,12.049696231632
2012-08-13,11.42,11.98,11.4,11.89,3499.58597117,40698.515924965,11.629523109375
2012-08-12,11.4,11.69,11.34,11.49,838.43263007,9613.4491054265,11.465976824666
2012-08-11,11.32,11.4,11.25,11.38,358.81692698,4060.0361833336,11.315063136807
2012-08-10,11.0,11.5,10.9,11.32,2554.43905578,28345.944108897,11.096739240953
2012-08-09,11.0,12.49,10.79,11.0,2432.99473283,27273.434039996,11.20982042089
2012-08-08,10.75,11.04,10.7,10.99,2746.09461909,29919.446627154,10.895271568271
2012-08-07,10.86,10.87,10.72,10.75,1039.03555,11186.186217848,10.76593213567
2012-08-06,10.71,10.99,10.43,10.84,2070.07812125,22226.74578272,10.737153131834
2012-08-05,10.93,10.93,10.29,10.71,1906.7619071,19934.339238184,10.454550808864
2012-08-04,10.96,11.2,10.5,10.51,635.36838136,6829.3873409468,10.748705068276
2012-08-03,10.4,12.0,10.1,10.79,2419.4134313,26081.293828122,10.780007042495
2012-08-02,9.45,10.52,9.4,10.44,2209.70926083,21163.187410052,9.577362861801
2012-08-01,9.28,9.5,8.9,9.45,2419.60607326,22568.951151805,9.327531204861
2012-07-31,9.0,9.28,8.92,9.28,1324.42575089,12141.476051459,9.167351241321
2012-07-30,8.7,9.0,8.54,9.0,2423.61350598,21078.353474763,8.697077080465
2012-07-29,8.79,8.79,8.7,8.71,590.37066164,5154.7223922966,8.731332241303
2012-07-28,8.83,9.0,8.78,8.88,1498.92603223,13347.625755771,8.904792810832
2012-07-27,8.76,8.91,8.76,8.83,687.49671529,6094.4158626577,8.864647244295
2012-07-26,8.64,8.83,8.45,8.75,837.67858918,7224.8298658666,8.624823362071
2012-07-25,8.59,8.64,8.24,8.64,1795.45977381,15281.064202712,8.510947683493
2012-07-24,8.59,8.8,8.25,8.61,1298.89850451,11148.282028025,8.582873865292
2012-07-23,8.42,8.88,8.1,8.59,2585.86162064,22225.467115245,8.594994773829
2012-07-22,8.74,8.8,8.3,8.42,1483.54734476,12717.964209006,8.572671613027
2012-07-21,8.52,8.91,8.2,8.74,2380.64465914,20553.418780302,8.633551715243
2012-07-20,8.76,8.76,7.93,8.44,1378.66512931,11284.564549804,8.185138152767
2012-07-19,9.06,9.2,8.76,8.76,2512.84139938,22765.407689012,9.059627756304
2012-07-18,8.5,9.15,8.36,9.0,2613.84283038,22817.789354745,8.729595019846
2012-07-17,8.3,8.8,7.7,8.55,3658.89689036,30014.691767473,8.20320787026
2012-07-16,7.57,8.3,7.14,8.3,3680.08259313,28112.915854613,7.639207855578
2012-07-15,7.55,7.57,7.4,7.57,322.39208253,2418.5641299255,7.501934014463
2012-07-14,7.58,7.58,7.44,7.55,717.31461971,5408.0672342134,7.53932386935
2012-07-13,7.6,7.69,7.46,7.59,1204.54573744,9144.0787733267,7.59130889688
2012-07-12,7.15,7.59,7.1,7.59,2325.83757492,16706.657978049,7.183071663387
2012-07-11,7.08,7.15,7.04,7.14,751.66207543,5345.8293647591,7.112011553464
2012-07-10,6.95,7.13,6.95,7.08,1495.1442887,10504.398824419,7.02567565138
2012-07-09,6.77,6.99,6.55,6.94,1751.75552753,11902.008740367,6.794332059079
2012-07-08,6.8,6.8,6.45,6.73,830.37090436,5483.5607300412,6.603748639613
2012-07-07,6.6,6.79,6.56,6.79,1408.4798228,9388.1561627158,6.665453072698
2012-07-06,6.59,6.6,6.39,6.59,1662.61510481,10843.365954781,6.521873838034
2012-07-05,6.52,6.66,6.52,6.6,1406.97193178,9291.8932001589,6.604178086484
2012-07-04,6.44,6.55,6.36,6.44,2014.68873242,13045.055124856,6.474972989593
2012-07-03,6.61,6.66,6.4,6.44,1936.3905711,12722.288426703,6.570104511238
2012-07-02,6.55,6.64,6.52,6.61,1792.23613156,11809.44560761,6.589224153924
2012-07-01,6.6,6.62,6.52,6.52,332.44372303,2178.0988075656,6.55178202107
2012-06-30,6.58,6.61,6.5,6.61,828.05206012,5403.4121026683,6.525449742719
2012-06-29,6.5,6.63,6.49,6.52,8127.55500191,52910.433822457,6.510006245423
2012-06-28,6.49,6.54,5.99,6.5,4266.15056833,26772.779911376,6.275629395297
2012-06-27,6.41,6.68,6.34,6.49,11231.77828715,73445.146274632,6.53904879503
2012-06-26,6.26,6.46,6.17,6.41,2273.09860085,14395.293587741,6.332894482605
2012-06-25,6.35,6.35,6.11,6.26,1956.72821549,12222.075296354,6.24617931075
2012-06-24,6.35,6.45,6.35,6.4,599.17294991,3831.3971179168,6.394476116608
2012-06-23,6.6,6.61,6.33,6.45,1137.14132849,7329.2719854985,6.445348350175
2012-06-22,6.64,6.67,6.48,6.59,963.16079856,6367.1529910943,6.610685360756
2012-06-21,6.66,6.69,6.64,6.64,480.84201914,3201.4788371265,6.658067950992
2012-06-20,6.4,6.65,6.26,6.64,2075.98456732,13567.256885393,6.53533609978
2012-06-19,6.13,6.49,6.13,6.46,1389.04883704,8907.1497000691,6.41240931388
2012-06-18,6.13,6.34,5.98,6.06,2483.09865301,15257.807491558,6.14466423759
2012-06-17,6.41,6.47,6.13,6.19,424.19045736,2679.9907837292,6.317895033303
2012-06-16,6.41,6.52,6.12,6.41,1010.13937541,6427.8239775232,6.363304048923
2012-06-15,5.88,6.42,5.56,6.42,2041.44728739,11963.308265399,5.860209244342
2012-06-14,5.86,5.91,5.79,5.9,3236.5087261,18903.896599813,5.840829795195
2012-06-13,5.77,6.0,5.71,5.86,1690.19740728,9900.8666310918,5.857816719187
2012-06-12,5.57,5.9,5.53,5.71,9330.40796353,54760.494771808,5.869035414727
2012-06-11,5.48,5.57,5.4,5.52,667.67216608,3645.3740001228,5.459826222089
2012-06-10,5.54,5.54,5.42,5.42,270.95117635,1480.5672575539,5.464332273802
2012-06-09,5.6,5.62,5.47,5.48,353.65603433,1971.2613256918,5.573950772327
2012-06-08,5.48,5.63,5.46,5.61,1397.44902146,7776.0386871848,5.564452490053
2012-06-07,5.41,5.53,5.4,5.53,1412.87520676,7732.3192953309,5.472754605881
2012-06-06,5.39,5.49,5.37,5.41,770.84630967,4190.9748308893,5.436848796336
2012-06-05,5.22,5.49,5.22,5.37,929.19495142,4983.2908991873,5.363019774883
2012-06-04,5.18,5.24,5.14,5.22,1359.1183093,7046.5035080429,5.184613774847
2012-06-03,5.19,5.2,5.19,5.19,14.33475413,74.4404953217,5.193008170674
2012-06-02,5.2,5.21,5.17,5.19,192.43478463,999.613877061,5.194559180052
2012-06-01,5.17,5.24,5.16,5.22,473.66441064,2467.5546251033,5.209499742168
2012-05-31,5.14,5.17,5.1,5.17,1102.63991433,5655.3168031749,5.128888161655
2012-05-30,5.07,5.14,5.07,5.14,748.4016813,3831.8958815711,5.120105923486
2012-05-29,5.07,5.12,4.95,5.11,1341.51430437,6801.7680304287,5.070216551752
2012-05-28,5.08,5.08,5.07,5.07,180.68383317,917.6896741242,5.07898054864
2012-05-27,5.08,5.08,5.0,5.07,913.52967246,4616.795080847,5.053798710681
2012-05-26,5.08,5.09,5.06,5.07,388.70621698,1977.8834187726,5.088376085516
2012-05-25,5.09,5.1,5.08,5.08,274.91026252,1398.6045821127,5.08749498579
2012-05-24,5.08,5.12,5.04,5.12,904.74009563,4607.1250572839,5.092208336446
2012-05-23,5.02,5.1,5.02,5.1,558.15131265,2826.527840367,5.064088852442
2012-05-22,5.05,5.07,5.0,5.03,678.06758546,3425.0898478481,5.051251411059
2012-05-21,5.04,5.09,5.01,5.08,354.05739561,1791.3403731843,5.059463226571
2012-05-20,5.03,5.08,5.03,5.03,26.40212653,133.9641947714,5.073992605072
2012-05-19,5.08,5.08,5.05,5.07,168.0059752,851.5644531924,5.068655755717
2012-05-18,5.03,5.07,5.03,5.07,912.52426975,4607.7640326144,5.049470118616
2012-05-17,5.02,5.03,5.01,5.02,611.21283218,3071.505429472,5.025263325243
2012-05-16,5.0,5.04,4.98,5.04,178.0332215,892.0987537107,5.01085553693
2012-05-15,4.95,5.01,4.9,4.95,600.99596383,2983.3162499811,4.963953885762
2012-05-14,4.93,4.99,4.88,4.93,718.72911768,3540.8612968236,4.926558851898
2012-05-13,4.95,4.95,4.94,4.94,395.46296566,1954.2939345343,4.941787485138
2012-05-12,4.95,4.97,4.91,4.91,219.33389116,1080.6297408425,4.926870786486
2012-05-11,4.97,4.97,4.87,4.95,413.82665677,2038.7965187689,4.926692095386
2012-05-10,5.02,5.04,4.87,4.87,907.11429341,4527.1443541199,4.990709976691
2012-05-09,5.02,5.08,5.01,5.02,350.28159466,1764.9123641596,5.038552955866
2012-05-08,5.06,5.08,4.99,5.02,640.55868732,3232.3842994657,5.046195397005
2012-05-07,5.05,5.08,4.97,5.05,874.47864459,4402.5235657793,5.034455207129
2012-05-06,5.06,5.1,5.02,5.08,1234.04605556,6235.2010563168,5.052648584892
2012-05-05,5.09,5.11,5.04,5.04,415.56904636,2105.1835164379,5.06578518029
2012-05-04,5.1,5.15,5.07,5.07,776.04276349,3969.4260060355,5.1149578255
2012-05-03,5.06,5.13,5.05,5.1,645.08940157,3293.7435876091,5.10587149563
2012-05-02,5.01,5.15,5.01,5.06,495.3171434,2513.6159061753,5.074760564355
2012-05-01,4.94,5.04,4.86,4.97,831.74622588,4137.3046926664,4.974239213757
2012-04-30,4.92,5.02,4.87,5.0,490.58077756,2426.5411629595,4.946262213999
2012-04-29,4.92,4.96,4.81,4.91,62.87862749,306.8608903219,4.880209740117
2012-04-28,5.07,5.07,4.85,4.91,205.02552687,1016.8904969246,4.959823844615
2012-04-27,5.03,5.08,4.99,5.04,718.01401093,3598.0536111237,5.011118942461
2012-04-26,5.1,5.12,4.86,4.98,762.130218,3827.4063792364,5.021984811572
2012-04-25,5.12,5.14,4.86,5.14,1634.21397671,8194.995074882,5.014640182787
2012-04-24,4.99,5.15,4.98,5.08,1975.83110589,10045.498595856,5.084188909624
2012-04-23,5.2,5.25,5.0,5.0,947.46097438,4873.9224479095,5.144193354348
2012-04-22,5.24,5.25,5.17,5.17,139.56864263,727.2909391701,5.21099098956
2012-04-21,5.4,5.43,5.19,5.24,301.94356518,1587.3278915104,5.257035004419
2012-04-20,5.15,5.38,5.09,5.38,372.83588987,1927.0115543877,5.168524830213
2012-04-19,5.17,5.18,5.06,5.13,562.65170962,2877.4332242145,5.114057551088
2012-04-18,4.98,5.18,4.98,5.16,839.9317501,4285.0594609809,5.101675773622
2012-04-17,4.99,4.99,4.95,4.98,282.51538718,1407.3817820282,4.981611076396
2012-04-16,4.93,4.98,4.93,4.98,487.00754874,2414.1630031847,4.957136720839
2012-04-15,4.96,4.99,4.92,4.99,114.97408628,569.9129896766,4.956882095055
2012-04-14,4.94,5.01,4.94,4.96,544.64998903,2707.8099848096,4.97165159157
2012-04-13,4.88,4.95,4.81,4.93,1102.2658949,5395.335240864,4.894767465661
2012-04-12,4.87,4.93,4.73,4.93,756.79455183,3667.9642227336,4.846710661254
2012-04-11,4.86,4.92,4.78,4.92,425.60463177,2073.1046976542,4.87096366652
2012-04-10,4.75,4.87,4.75,4.8,314.81763742,1515.548786177,4.814052981902
2012-04-09,4.7,4.85,4.7,4.75,158.55832457,756.9151739657,4.773733425971
2012-04-08,4.8,4.8,4.69,4.76,177.21795867,842.0171400879,4.751308199277
2012-04-07,4.94,4.94,4.7,4.7,228.65562961,1095.6250822334,4.791594609335
2012-04-06,4.9,4.99,4.81,4.99,725.95771755,3543.8482353754,4.881617964384
2012-04-05,4.99,5.04,4.89,5.0,400.86488523,1990.3035822722,4.965023516915
2012-04-04,4.92,5.01,4.86,5.01,305.43564088,1501.2754217506,4.915193974826
2012-04-03,5.04,5.04,4.86,4.99,244.30290125,1214.3656798624,4.97073785718
2012-04-02,4.8,5.04,4.78,5.04,888.57861157,4377.1812922878,4.926048450068
2012-04-01,4.89,4.89,4.77,4.89,308.5058652,1478.7073444234,4.793125548731
2012-03-31,4.9,4.92,4.89,4.9,158.37378321,777.6421058811,4.910169411373
2012-03-30,4.81,4.91,4.76,4.88,161.39879423,783.9512482604,4.857231133606
2012-03-29,4.93,4.93,4.77,4.84,110.39370311,534.7969846807,4.844451899107
2012-03-28,4.75,4.95,4.72,4.93,418.64896346,2032.7382116204,4.855471741338
2012-03-27,4.54,4.97,4.54,4.84,369.59079623,1769.3583540971,4.787344198355
2012-03-26,4.6,4.75,4.54,4.73,64.76455997,295.6988308256,4.565750635264
2012-03-25,4.61,4.84,4.54,4.54,15.47357192,70.9029999878,4.582199918311
2012-03-24,4.72,4.83,4.62,4.83,191.53850932,920.2289075882,4.804406752748
2012-03-23,4.73,4.89,4.6,4.78,393.13018484,1819.8329119988,4.629084670106
2012-03-22,4.86,4.98,4.72,4.91,396.4109947,1931.3338006744,4.872049026128
2012-03-21,4.9,4.96,4.9,4.96,9.32862903,46.0349999888,4.934808731353
2012-03-20,4.82,4.97,4.79,4.79,279.75591707,1368.2140230258,4.890742034541
2012-03-19,5.24,5.37,4.83,4.83,415.19375675,2107.0185945651,5.074783905852
2012-03-18,5.41,5.42,5.24,5.25,412.66352117,2202.2259846919,5.336614146189
2012-03-17,5.38,5.42,5.38,5.42,143.87332861,775.7207260093,5.391692355378
2012-03-16,5.3,5.41,5.26,5.26,157.69794429,844.7913420434,5.357021905687
2012-03-15,5.27,5.43,5.27,5.39,633.16784947,3394.0181904124,5.360376704619
2012-03-14,5.32,5.44,5.27,5.27,1129.74327668,6047.7150900207,5.353176438273
2012-03-13,4.99,5.32,4.96,5.3,734.65394306,3715.6328451002,5.057664061019
2012-03-12,4.85,4.99,4.85,4.99,108.76167997,538.9385133808,4.955224243773
2012-03-11,4.94,5.0,4.84,5.0,24.68252609,120.9774262756,4.901338940531
2012-03-10,4.91,4.99,4.85,4.94,114.04892826,553.9857850952,4.857439640575
2012-03-09,5.01,5.07,4.93,4.93,277.58947934,1395.6990115193,5.027924742817
2012-03-08,4.94,5.08,4.87,5.01,326.5657549,1620.1276467645,4.961106982147
2012-03-07,5.05,5.09,4.93,4.93,373.49234495,1894.8987302766,5.07346069042
2012-03-06,5.0,5.05,4.95,4.98,296.62794242,1481.5349581401,4.994590010817
2012-03-05,4.8,5.06,4.77,5.06,518.05455153,2569.9224028867,4.96071773773
2012-03-04,4.78,4.81,4.77,4.81,113.6084153,544.8639264962,4.795982102711
2012-03-03,4.81,4.99,4.6,4.65,125.91831514,589.8544517502,4.684421413155
2012-03-02,4.99,4.99,4.64,4.79,245.97471171,1166.5862529546,4.742708081024
2012-03-01,4.99,5.05,4.9,5.0,291.16358119,1455.0372149709,4.99731872037
2012-02-29,4.97,5.0,4.85,4.99,242.23784635,1197.8698763111,4.945015382032
2012-02-28,5.09,5.1,4.71,4.88,440.24138707,2211.5745054215,5.023549739702
2012-02-27,4.97,5.1,4.95,5.04,309.05231411,1563.0560781453,5.057577655248
2012-02-26,4.79,5.07,4.78,4.98,40.9,201.4,4.924205378973
2012-02-25,5.11,5.11,5.0,5.0,119.80740151,600.5299999341,5.012461603918
2012-02-24,5.12,5.22,4.95,4.95,37.59711782,193.547452998,5.147933251815
2012-02-23,4.59,5.22,4.55,5.22,714.84400933,3516.1510668888,4.91876692117
2012-02-22,4.47,4.59,4.46,4.51,75.30876636,341.3570384461,4.532766302588
2012-02-21,4.52,4.58,4.3,4.58,358.44920149,1595.1567125649,4.450161155149
2012-02-20,4.72,4.72,4.4,4.44,315.93925361,1439.9067214978,4.557542961329
2012-02-19,4.38,4.38,4.3,4.38,92.68354434,401.2110824492,4.328827574584
2012-02-18,4.67,4.73,4.14,4.23,254.39025201,1121.2814635729,4.407721816042
2012-02-17,4.67,4.8,4.5,4.67,244.67028923,1151.243869481,4.705286747746
2012-02-16,4.5,4.98,4.15,4.51,115.6239213,535.147306981,4.628344212548
2012-02-15,4.9,5.08,4.69,4.69,67.78916535,335.706889585,4.95222043009
2012-02-14,5.2,5.8,4.56,4.89,128.34493428,662.5272480738,5.162083348209
2012-02-13,5.53,5.79,5.5,5.79,99.78443902,571.3115082342,5.725456933417
2012-02-12,5.78,5.78,5.55,5.67,64.8434324,371.291861708,5.725974828378
2012-02-11,5.71,5.71,5.5,5.5,1.8794878,10.374875338,5.52005463297
2012-02-10,5.88,5.88,5.8,5.88,176.93050375,1040.2351802532,5.879343347844
2012-02-09,5.52,5.89,5.51,5.89,83.60318875,482.9098295129,5.776213045617
2012-02-08,5.79,5.87,5.66,5.87,83.57202011,477.3320302618,5.711624891124
2012-02-07,5.5,5.88,5.5,5.69,165.40541896,937.1347068221,5.665683220746
2012-02-06,5.6,5.9,5.2,5.6,29.17833833,161.848679316,5.546877875139
2012-02-05,5.93,6.15,5.6,5.6,47.85042396,280.366294416,5.859222786623
2012-02-04,6.35,6.5,5.94,5.94,67.63499409,407.8700470069,6.030458825267
2012-02-03,6.29,6.35,5.93,6.3,155.5524532,950.7496675294,6.112084046061
2012-02-02,5.99,6.28,5.89,6.28,251.00093001,1541.851903692,6.142813509219
2012-02-01,5.53,5.99,5.52,5.88,12.05880628,71.2026999578,5.904622589045
2012-01-31,5.7,6.22,3.8,5.3,110.50333334,639.0785311857,5.7833416592
2012-01-30,5.3,5.58,5.3,5.58,15.16,83.9208,5.535672823219
2012-01-29,5.89,5.9,5.3,5.5,9.45484643,52.2104692015,5.522085375796
2012-01-28,4.91,4.91,4.91,4.91,0.25,1.2275,4.91
2012-01-27,3.8,6.03,3.8,5.88,92.07999287,528.4378821385,5.738900120079
2012-01-26,6.27,6.3,5.5,5.5,29.91907058,183.9220266759,6.147317517238
2012-01-25,6.26,6.86,6.0,6.31,81.1232564,505.9912689567,6.237314568116
2012-01-24,6.52,6.57,6.0,6.55,85.44624147,550.6356605427,6.444235007528
2012-01-23,6.5,6.52,6.0,6.52,94.92062909,608.4838474816,6.410448954196
2012-01-22,6.79,6.83,6.03,6.79,81.27103303,501.4066072173,6.169561140342
2012-01-21,6.3,6.77,6.28,6.77,81.41385241,512.26257306,6.292081235516
2012-01-20,6.9,6.95,6.55,6.95,95.82599863,647.201739156,6.753926370806
2012-01-19,5.52,7.0,5.52,6.22,246.71581895,1542.2212267916,6.251002604353
2012-01-18,5.99,7.1,5.99,7.1,133.44676912,820.9326021088,6.15176079213
2012-01-17,6.5,6.9,6.0,6.0,80.51400824,493.405788569,6.128198053415
2012-01-16,6.2,7.1,6.2,7.1,12.64929577,86.749999967,6.858089299544
2012-01-15,7.15,7.15,7.15,7.15,16.6993007,119.400000005,7.15
2012-01-14,6.5,6.5,6.3,6.3,16.836,108.4868,6.443739605607
2012-01-13,6.8,7.36,6.6,6.6,48.97014484,344.9373546387,7.043829577505
2012-01-12,6.95,7.38,6.51,6.51,82.30163181,598.0616310296,7.266704412499
2012-01-11,7.14,7.33,6.25,7.0,105.35893402,743.0116151541,7.052193741947
2012-01-10,6.24,7.14,6.24,7.14,62.28998018,413.2040844179,6.633556203162
2012-01-09,6.99,6.99,6.23,6.3,66.8693229,443.0447197182,6.625530220797
2012-01-08,6.9,7.0,6.9,7.0,5.0,34.6,6.92
2012-01-07,6.8,6.8,6.8,6.8,0.29585799,2.011834332,6.8
2012-01-06,6.65,6.9,6.0,6.0,33.88274671,222.8052190443,6.575772057421
2012-01-05,5.72,6.65,5.72,6.65,94.80182926,587.7347667088,6.199614198339
2012-01-04,4.93,5.57,4.93,5.57,107.23326023,568.0761974778,5.297574616862
2012-01-03,5.32,5.32,5.14,5.29,88.03728092,464.8052095058,5.279640677773
2012-01-02,5.0,5.0,5.0,5.0,19.048,95.24,5.0
2012-01-01,4.58,5.0,4.58,5.0,21.602,105.77916,4.896729932414
2011-12-31,4.39,4.58,4.39,4.58,95.3178781,425.3203375543,4.462125532296
2011-12-30,4.26,4.5,4.21,4.21,56.74004969,240.1436091949,4.232347530658
2011-12-29,4.3,4.5,4.3,4.5,36.56096221,158.978804169,4.348321120649
2011-12-28,4.29,4.3,4.25,4.3,35.55011655,151.7241958037,4.26789587568
2011-12-27,4.33,4.33,4.29,4.29,58.07386739,250.3369834819,4.310664929558
2011-12-26,4.27,4.33,4.27,4.33,56.73660508,243.7404999964,4.296000785608
2011-12-25,4.32,4.32,4.27,4.27,24.182423,104.08056736,4.303975964691
2011-12-24,4.33,4.33,4.33,4.33,27.22479474,117.8833612242,4.33
2011-12-23,3.86,4.35,3.84,4.22,149.49256188,625.814286083,4.186257016489
2011-12-22,4.19,4.19,4.17,4.17,8.53526439,35.7100000003,4.183818844808
2011-12-21,4.38,4.38,4.38,4.38,20.89954338,91.5400000044,4.38
2011-12-20,4.75,4.75,4.53,4.55,94.74335338,432.9800000069,4.570030345773
2011-12-19,3.5,3.98,3.5,3.85,134.73429197,513.2929364662,3.809668117605
2011-12-18,3.25,3.5,3.25,3.5,17.24285714,58.58999999,3.397928748947
